area_m2,bedrooms,bathrooms,location_score,age_years,distance_center_km,price_billion_vnd
208,4,4,2,7,4.3,19.94
184,3,4,1,0,3.2,17.09
104,1,2,5,13,6.3,9.02
46,1,3,3,8,4.7,5.24
131,2,3,1,11,21.3,7.79
162,3,3,5,9,20.9,13.88
203,5,4,1,1,16.9,17.6
104,1,2,4,20,21.0,5.18
86,2,2,3,22,23.5,5.99
88,2,3,4,8,24.7,7.52
208,5,4,1,7,20.7,17.26
61,1,3,2,20,13.0,4.28
209,5,4,2,7,18.9,15.88
154,4,4,2,16,12.8,13.28
57,1,1,4,19,2.5,3.71
180,4,4,1,21,22.2,16.44
113,3,4,4,5,11.9,14.97
112,2,3,3,26,16.3,8.8
200,4,4,2,17,23.9,18.2
198,4,4,1,29,9.7,14.28
123,3,3,5,30,2.9,12.91
181,4,4,5,5,7.4,16.5
200,5,4,3,12,24.9,16.51
177,5,4,2,2,9.1,15.7
195,4,4,1,2,18.0,16.31
53,1,1,3,21,12.6,4.9
183,4,4,2,25,12.4,14.83
213,5,4,4,14,21.7,19.32
58,1,2,3,25,21.7,4.62
159,4,4,3,14,7.0,16.17
64,2,3,1,20,25.0,6.09
105,2,3,4,6,21.8,7.55
60,1,1,4,8,23.2,5.9
187,5,4,3,6,24.2,15.79
193,3,4,1,1,15.0,13.15
85,1,2,2,2,15.3,7.12
217,5,4,5,7,14.9,21.38
213,5,4,3,7,7.4,19.86
78,2,3,1,0,12.0,11.31
63,1,3,2,29,9.4,5.4
62,1,2,2,14,21.0,4.19
212,4,4,1,30,22.1,13.83
112,1,1,3,9,15.5,8.72
207,5,4,3,28,22.8,16.38
58,1,3,3,1,1.1,8.01
112,2,4,5,22,11.3,10.34
47,1,1,5,1,21.0,5.49
77,1,2,1,28,9.6,4.84
219,5,4,3,24,14.4,21.09
84,2,2,4,0,5.3,7.74
130,4,4,3,5,19.9,14.78
165,4,4,3,9,20.7,16.44
103,2,2,4,10,7.7,12.5
134,4,4,1,3,22.0,12.44
111,2,4,1,3,15.3,8.31
156,2,2,3,1,18.0,14.64
45,1,2,1,30,16.9,2.0
76,2,4,4,10,10.7,10.45
120,3,4,4,21,19.0,12.5
148,2,3,2,13,19.9,12.78
200,4,4,4,21,6.1,16.02
88,1,2,1,26,23.8,5.28
105,2,2,2,0,2.1,11.8
63,2,2,4,15,10.6,7.41
82,1,2,2,5,20.3,5.98
187,4,4,2,25,12.2,14.29
180,4,4,5,14,22.5,16.97
111,2,4,5,15,16.0,10.55
115,4,4,2,8,9.1,12.27
83,2,2,2,2,11.0,7.62
129,4,4,2,26,11.1,13.14
50,2,2,3,9,19.1,4.67
152,3,3,3,13,12.7,12.16
148,3,3,5,17,1.6,16.62
145,2,3,2,27,12.1,12.31
99,3,4,4,8,19.0,11.37
152,3,4,1,23,13.9,13.05
211,4,4,1,30,6.9,16.56
50,1,1,4,21,3.7,7.28
110,2,2,2,30,8.5,8.19
193,3,4,4,30,18.2,17.82
205,5,4,5,25,3.9,21.03
189,3,4,3,2,13.1,15.58
170,3,4,4,22,4.7,18.1
90,2,4,4,13,20.8,8.62
107,1,2,2,24,12.2,7.27
201,5,4,4,27,8.8,17.58
111,2,3,5,0,13.4,12.43
93,1,2,4,17,19.2,7.56
170,5,4,3,7,10.7,15.07
107,2,4,4,17,13.7,9.22
129,3,4,3,9,7.0,14.02
75,2,2,5,30,19.3,8.06
168,4,4,1,26,5.7,14.81
103,2,3,1,22,13.8,7.31
186,4,4,4,3,21.9,20.41
191,4,4,4,10,5.4,21.24
167,3,4,4,2,14.8,16.94
220,4,4,5,30,8.3,20.64
151,3,4,4,29,11.6,14.01
